<?xml version="1.0" encoding="UTF-8"?>
<project-private xmlns="http://www.netbeans.org/ns/project-private/1">
    <editor-bookmarks xmlns="http://www.netbeans.org/ns/editor-bookmarks/2" lastBookmarkId="0"/>
    <open-files xmlns="http://www.netbeans.org/ns/projectui-open-files/2">
        <group>
            <file>file:/D:/Project/Java/Rental%20Solution/src/Home.java</file>
            <file>file:/D:/Project/Java/Rental%20Solution/src/dao/InsertUpdateDelete.java</file>
            <file>file:/D:/Project/Java/Rental%20Solution/src/ManageUser.java</file>
            <file>file:/D:/Project/Java/Rental%20Solution/src/ManageCustomer.java</file>
            <file>file:/D:/Project/Java/Rental%20Solution/src/ManageOrder.java</file>
            <file>file:/D:/Project/Java/Rental%20Solution/src/ForgotPassword.java</file>
            <file>file:/D:/Project/Java/Rental%20Solution/src/ViewOrders.java</file>
            <file>file:/D:/Project/Java/Rental%20Solution/src/ManageCategory.java</file>
            <file>file:/D:/Project/Java/Rental%20Solution/src/dao/Select.java</file>
            <file>file:/D:/Project/Java/Rental%20Solution/src/AdminHome.java</file>
            <file>file:/D:/Project/Java/Rental%20Solution/src/Login.java</file>
            <file>file:/D:/Project/Java/Rental%20Solution/src/ManageProduct.java</file>
            <file>file:/D:/Project/Java/Rental%20Solution/src/SignUp.java</file>
            <file>file:/D:/Project/Java/Rental%20Solution/src/rental/solution/RentalSolution.java</file>
        </group>
    </open-files>
</project-private>
